Receptor|Region,N-Term,TM1,ICL1,TM2,ECL1,TM3,ICL2,TM4,ECL2,TM5,ICL3,TM6,ECL3,TM7,Halix-8,C-Tail
FFAR1,0,5,1,0,0,4,1,2,5,7,1,2,0,4,1,1
FFAR2,0,8,1,4,2,3,1,3,3,6,0,3,0,4,1,6
FFAR3,0,2,0,0,0,0,0,0,1,0,0,0,0,0,0,2
GLP1R,18,5,0,4,1,5,0,6,1,4,0,8,0,4,7,4
GLP2R,15,6,0,3,3,4,1,2,2,1,0,3,1,5,3,10
GPR142,11,3,4,3,0,4,2,3,2,5,0,4,1,5,3,2
GPR183,3,2,0,3,0,7,0,4,3,3,0,2,3,2,2,5
GPR75,8,6,1,8,2,5,0,1,2,4,4,3,0,3,1,17
GPBAR,0,2,0,2,2,4,0,3,4,2,1,6,0,3,1,0
LPAR1,6,2,1,2,2,10,1,3,1,3,1,2,1,8,4,3
LPAR3,1,2,1,3,1,4,1,1,3,5,1,4,0,7,5,5
LPAR5,1,7,0,4,0,7,0,2,0,5,0,13,0,5,1,6
LPAR6,1,5,0,5,0,8,3,3,2,5,0,3,0,5,2,7
MC4R,4,2,2,11,0,4,2,3,1,4,3,3,0,5,1,4
S1PR1,6,3,0,6,1,2,1,3,3,5,2,4,0,3,2,5
S1PR2,0,3,2,4,2,5,0,4,5,4,1,4,0,3,2,8
S1PR5,6,5,1,6,1,3,2,1,2,5,1,5,2,2,2,5
SCTR,16,4,0,3,0,3,1,5,2,2,1,1,0,4,1,1
VIPR1,19,3,0,4,2,5,0,3,0,4,0,3,0,3,2,7
ADRA1A,3,5,0,5,0,3,0,3,1,1,5,6,1,5,0,14
ADRB2,1,4,1,4,1,3,0,4,3,4,3,6,0,3,1,12
ADRB3,7,5,0,5,0,4,0,5,0,4,2,9,0,4,2,1
AGTR1,2,4,0,9,2,5,0,1,1,4,1,6,0,5,2,5
CASR,73,4,2,6,0,9,1,1,5,6,1,2,0,3,1,24
CNR1,17,2,0,2,0,6,1,3,2,8,1,4,0,4,2,6
GHSR,5,2,1,3,1,4,2,0,2,3,0,5,0,4,2,4
MTNR1B,4,3,0,7,1,1,1,4,0,8,4,9,3,3,2,3
NPY1R,5,4,1,6,2,6,0,8,8,9,1,5,0,10,5,15
PTGER3,2,4,1,3,2,7,0,5,5,4,0,4,1,7,0,5
SSTR2,3,4,0,2,1,7,0,3,3,5,0,1,0,3,1,2
SUCNR1,2,7,0,6,0,4,2,8,2,3,0,5,0,6,2,2
