Gene Name,Chromosome No.,Genomic Position (Start to End)
P2RY13,3,151044100 to 151047336
P2RY11,19,10222214 to 10226048
P2RY1,3,152552736 to 152555841
LPAR6,13,48963707 to 49018840
LPAR5,12,6728001 to 6745613
LPAR2,19,19734477 to 19739739
LPAR4,X,78003206 to 78012591
LPAR3,1,85277285 to 85358896
LPAR1,9,113635543 to 113800981
S1PR5,19,10623623 to 10628607
S1PR4,19,3172344 to 3180329
S1PR2,19,10334520 to 10341948
S1PR3,9,91606362 to 91619925
S1PR1,1,101702444 to 101707074
NPY5R,4,164265091 to 164273086
NPY1R,4,164245113 to 164265984
NPY2R,4,156129781 to 156138230
NPY4R,10,47083534 to 47088320
CXCR4,2,136871919 to 136875735
VIPR2,7,158820866 to 158937649
VIPR1,3,42530791 to 42579059
SCTR,2,120197419 to 120282070
CCKAR,4,26483022 to 26492084
CCKBR,11,6280966 to 6293357
CXCL12,10,44793038 to 44881941
CCR2,3,46395225 to 46402419
CCR5,3,46411633 to 46417697
FZD9,7,72848109 to 72850450
FZD2,17,42634925 to 42636907
FZD6,8,104310661 to 104345094
FZD3,8,28351729 to 28431775
FZD8,10,35927177 to 35930362
FZD10,12,130647004 to 130650285
FZD5,2,208627310 to 208634287
FZD4,11,86656721 to 86666433
FZD7,2,202899310 to 202903160
FZD1,7,90893783 to 90898123
GPR119,X,129518319 to 129519511
GPR142,17,72363546 to 72368761
GPR75,2,54080050 to 54087126
GPR183,13,99946784 to 99959659
FFAR4,10,95326422 to 95364237
GLP2R,17,9725523 to 9795419
