gpcr_region,ballesteros,gprotein_position,frequency
TM2,2x37,G.H5.22,25
TM2,2x39,G.H5.22,88
TM2,2x39,G.H5.23,88
TM2,2x40,G.H5.22,13
TM2,2x43,G.H5.23,25
TM3,3x49,G.H5.23,50
TM3,3x50,G.H5.23,100
TM3,3x50,G.H5.25,50
TM3,3x53,G.H5.19,88
TM3,3x53,G.H5.23,63
TM3,3x54,G.H5.16,75
TM3,3x54,G.H5.19,50
TM3,3x54,G.H5.20,100
TM3,3x54,G.H5.23,38
TM3,3x54,G.H5.25,13
TM3,3x55,G.H5.12,38
ICL2,34x50,G.H5.12,13
ICL2,34x50,G.H5.15,25
ICL2,34x50,G.H5.16,25
ICL2,34x50,G.H5.19,13
ICL2,34x51,G.H5.08,25
ICL2,34x51,G.H5.11,13
ICL2,34x51,G.H5.12,13
ICL2,34x51,G.H5.15,13
ICL2,34x51,G.S1.02,13
ICL2,34x51,G.S3.01,25
ICL2,34x53,G.H5.19,13
ICL2,34x54,G.H5.15,13
ICL2,34x54,G.hns1.02,25
ICL2,34x54,G.hns1.03,25
ICL2,34x55,G.S3.01,13
ICL2,34x55,G.hns1.03,25
ICL2,34x55,G.s2s3.02,13
ICL2,34x57,G.H5.22,13
TM4,4x38,G.hns1.03,13
TM4,4x40,G.HN.52,13
TM5,5x58,G.H5.25,13
TM5,5x61,G.H5.20,13
TM5,5x61,G.H5.23,13
TM5,5x61,G.H5.25,75
TM5,5x62,G.H5.25,13
TM5,5x64,G.H5.16,38
TM5,5x64,G.H5.20,13
TM5,5x65,G.H5.16,13
TM5,5x65,G.H5.20,100
TM5,5x65,G.H5.25,38
TM5,5x65,G.H5.26,50
TM5,5x68,G.H5.12,25
TM5,5x68,G.H5.13,63
TM5,5x68,G.H5.16,88
TM5,5x68,G.H5.17,63
TM5,5x68,G.H5.20,50
TM5,5x68,G.H5.26,38
TM5,5x69,G.H5.16,13
TM5,5x69,G.H5.26,25
TM5,5x71,G.H5.09,13
TM5,5x71,G.H5.17,25
TM5,5x72,G.H5.17,25
TM5,5x72,G.H5.26,13
TM5,5x72,G.h4s6.20,25
TM5,5x75,G.H4.16,13
TM5,5x75,G.S6.03,13
TM5,5x76,G.h4s6.03,13
TM5,5x79,G.H4.16,13
TM5,5x79,G.H4.17,13
TM5,5x79,G.h4s6.03,13
TM6,6x25,G.h4s6.10,13
TM6,6x25,G.h4s6.11,13
TM6,6x25,G.h4s6.20,13
TM6,6x29,G.H5.26,13
TM6,6x30,G.H5.17,13
TM6,6x30,G.H5.26,13
TM6,6x32,G.H5.24,25
TM6,6x32,G.H5.25,25
TM6,6x32,G.H5.26,50
TM6,6x33,G.H5.20,13
TM6,6x33,G.H5.25,38
TM6,6x33,G.H5.26,13
TM6,6x34,G.H5.25,13
TM6,6x35,G.H5.26,13
TM6,6x36,G.H5.24,13
TM6,6x36,G.H5.25,63
TM6,6x36,G.H5.26,13
TM6,6x37,G.H5.25,25
TM6,6x39,G.H5.24,13
TM6,6x39,G.H5.25,25
TM6,6x40,G.H5.25,25
TM7,7x52,G.H5.24,13
TM7,7x53,G.H5.23,13
TM7,7x55,G.H5.25,13
TM7,7x55,G.H5.26,13
TM7,7x56,G.H5.24,13
H8,8x47,G.H5.24,38
H8,8x48,G.H5.24,25
